Model,Sampling Ratio,Precision,Recall,F1-score,Cohen's Kappa,Confusion Matrix
LOF,0.99,0.014925373134328358,0.015037593984962405,0.014981273408239699,0.01275318982049678,"[[58887   132]
 [  131     2]]"
iForest,0.99,0.0,0.0,0.0,-0.0019337275229618367,"[[58919   100]
 [  133     0]]"
DBSCAN,0.99,0.0,0.0,0.0,0.0,"[[59019     0]
 [  133     0]]"
